id,name,start,river_mile,lat,lon,distance,po_from,po_to,side
1,BNSF - Snake River Bridge,1884,3,46.20711,-119.03038,0.6355649421611901,1879,1885,left
1,BNSF - Snake River Bridge,1884,3,46.20711,-119.03038,0.6355649421611901,1907,1907,left
1,BNSF - Snake River Bridge,1884,3,46.20711,-119.03038,1.5648601671386686,1908,,left
1,BNSF - Snake River Bridge,1884,3,46.20711,-119.03038,6.524141350781816,1885,,left
1,BNSF - Snake River Bridge,1884,3,46.20711,-119.03038,10.052319981370623,1905,1933,right
1,BNSF - Snake River Bridge,1884,3,46.20711,-119.03038,17.441583911069493,1906,1919,right
2,Bridge Island Bridge (Private),1890,319,43.85393,-116.9892,8.47257490752423,1884,,left
2,Bridge Island Bridge (Private),1890,319,43.85393,-116.9892,11.835603895978771,1893,1954,left
2,Bridge Island Bridge (Private),1890,319,43.85393,-116.9892,4.214871021819598,1867,1868,left
2,Bridge Island Bridge (Private),1890,319,43.85393,-116.9892,18.017436734031754,1910,,left
2,Bridge Island Bridge (Private),1890,319,43.85393,-116.9892,2.5799731179384566,1889,,left
2,Bridge Island Bridge (Private),1890,319,43.85393,-116.9892,14.199734130044343,1919,,right
2,Bridge Island Bridge (Private),1890,319,43.85393,-116.9892,8.42099805407977,1886,1887,right
2,Bridge Island Bridge (Private),1890,319,43.85393,-116.9892,8.42099805407977,1890,1895,right
2,Bridge Island Bridge (Private),1890,319,43.85393,-116.9892,8.42099805407977,1896,1914,right
2,Bridge Island Bridge (Private),1890,319,43.85393,-116.9892,8.42099805407977,1929,1932,right
2,Bridge Island Bridge (Private),1890,319,43.85393,-116.9892,7.813155748939479,1896,1908,right
2,Bridge Island Bridge (Private),1890,319,43.85393,-116.9892,15.790976032560465,1879,1944,right
2,Bridge Island Bridge (Private),1890,319,43.85393,-116.9892,19.260941330208226,1884,,right
3,Central Ferry Bridge,1920,76,46.626,-117.7983,19.583369572294544,1905,1918,left
3,Central Ferry Bridge,1920,76,46.626,-117.7983,1.5568561252622495,1877,1881,left
3,Central Ferry Bridge,1920,76,46.626,-117.7983,1.5568561252622495,1924,1945,left
3,Central Ferry Bridge,1920,76,46.626,-117.7983,10.77463718074568,1893,1967,left
3,Central Ferry Bridge,1920,76,46.626,-117.7983,12.172180811720205,1876,1937,left
3,Central Ferry Bridge,1920,76,46.626,-117.7983,10.807669829945677,1887,1911,right
3,Central Ferry Bridge,1920,76,46.626,-117.7983,10.816434084664836,1889,1910,right
3,Central Ferry Bridge,1920,76,46.626,-117.7983,17.45531589082804,1891,1913,right
5,EIRR - Lorenzo Bridge,,686,43.73114,-111.86803,12.112613282054808,1886,,left
5,EIRR - Lorenzo Bridge,,686,43.73114,-111.86803,6.364410215054431,1889,1905,left
5,EIRR - Lorenzo Bridge,,686,43.73114,-111.86803,3.519336755047772,1904,1965,left
5,EIRR - Lorenzo Bridge,,686,43.73114,-111.86803,4.137343454248983,1887,1914,left
5,EIRR - Lorenzo Bridge,,686,43.73114,-111.86803,11.33597940819985,1892,1892,left
5,EIRR - Lorenzo Bridge,,686,43.73114,-111.86803,7.130484545911908,1902,1920,left
5,EIRR - Lorenzo Bridge,,686,43.73114,-111.86803,17.782232919025972,1900,1944,left
5,EIRR - Lorenzo Bridge,,686,43.73114,-111.86803,16.95635534646472,1906,1916,left
5,EIRR - Lorenzo Bridge,,686,43.73114,-111.86803,10.468586162929236,1900,1922,left
5,EIRR - Lorenzo Bridge,,686,43.73114,-111.86803,17.10995606905675,1896,1906,right
5,EIRR - Lorenzo Bridge,,686,43.73114,-111.86803,15.395751444935378,1893,1906,right
5,EIRR - Lorenzo Bridge,,686,43.73114,-111.86803,16.820309221614128,1910,,right
5,EIRR - Lorenzo Bridge,,686,43.73114,-111.86803,19.139087353777384,1894,1910,right
5,EIRR - Lorenzo Bridge,,686,43.73114,-111.86803,13.375384501341868,1916,,right
5,EIRR - Lorenzo Bridge,,686,43.73114,-111.86803,5.480516543173115,1896,1906,right
5,EIRR - Lorenzo Bridge,,686,43.73114,-111.86803,3.1468386377955975,1889,1906,right
5,EIRR - Lorenzo Bridge,,686,43.73114,-111.86803,0.41777800761033984,1901,1973,right
5,EIRR - Lorenzo Bridge,,686,43.73114,-111.86803,9.871884017785423,1885,,right
5,EIRR - Lorenzo Bridge,,686,43.73114,-111.86803,7.526339487675852,1889,,right
5,EIRR - Lorenzo Bridge,,686,43.73114,-111.86803,8.725520582531878,1892,1906,right
6,EIRR - Ririe Bridge,1894,694,43.66639,-111.73869,18.811113831434298,1889,1905,left
6,EIRR - Ririe Bridge,1894,694,43.66639,-111.73869,13.309292517166615,1904,1965,left
6,EIRR - Ririe Bridge,1894,694,43.66639,-111.73869,10.265058796172283,1887,1914,left
6,EIRR - Ririe Bridge,1894,694,43.66639,-111.73869,6.3137723724106225,1902,1920,left
6,EIRR - Ririe Bridge,1894,694,43.66639,-111.73869,5.146610906237983,1900,1944,left
6,EIRR - Ririe Bridge,1894,694,43.66639,-111.73869,7.726410381231164,1906,1916,left
6,EIRR - Ririe Bridge,1894,694,43.66639,-111.73869,2.383735984868722,1900,1922,left
6,EIRR - Ririe Bridge,1894,694,43.66639,-111.73869,19.724839307595527,1910,,right
6,EIRR - Ririe Bridge,1894,694,43.66639,-111.73869,6.660432769961084,1894,1910,right
6,EIRR - Ririe Bridge,1894,694,43.66639,-111.73869,4.747660618447889,1916,,right
6,EIRR - Ririe Bridge,1894,694,43.66639,-111.73869,17.29521168364546,1896,1906,right
6,EIRR - Ririe Bridge,1894,694,43.66639,-111.73869,10.639927651831135,1889,1906,right
6,EIRR - Ririe Bridge,1894,694,43.66639,-111.73869,12.684797374273057,1901,1973,right
6,EIRR - Ririe Bridge,1894,694,43.66639,-111.73869,14.20114630051455,1889,,right
6,EIRR - Ririe Bridge,1894,694,43.66639,-111.73869,7.691570000726869,1892,1906,right
7,EIRR - Ririe Flood Channel Bridge,1894,695,43.66025,-111.74108,19.116949815617883,1889,1905,left
7,EIRR - Ririe Flood Channel Bridge,1894,695,43.66025,-111.74108,13.719100583840035,1904,1965,left
7,EIRR - Ririe Flood Channel Bridge,1894,695,43.66025,-111.74108,10.695859832158773,1887,1914,left
7,EIRR - Ririe Flood Channel Bridge,1894,695,43.66025,-111.74108,6.7908692255319565,1902,1920,left
7,EIRR - Ririe Flood Channel Bridge,1894,695,43.66025,-111.74108,4.99687256570654,1900,1944,left
7,EIRR - Ririe Flood Channel Bridge,1894,695,43.66025,-111.74108,8.286202607732939,1906,1916,left
7,EIRR - Ririe Flood Channel Bridge,1894,695,43.66025,-111.74108,2.896653880550206,1900,1922,left
7,EIRR - Ririe Flood Channel Bridge,1894,695,43.66025,-111.74108,19.288457675305366,1910,,right
7,EIRR - Ririe Flood Channel Bridge,1894,695,43.66025,-111.74108,6.287308005589453,1894,1910,right
7,EIRR - Ririe Flood Channel Bridge,1894,695,43.66025,-111.74108,4.092591597991433,1916,,right
7,EIRR - Ririe Flood Channel Bridge,1894,695,43.66025,-111.74108,17.403394544873656,1896,1906,right
7,EIRR - Ririe Flood Channel Bridge,1894,695,43.66025,-111.74108,10.747151798233745,1889,1906,right
7,EIRR - Ririe Flood Channel Bridge,1894,695,43.66025,-111.74108,12.909184547520757,1901,1973,right
7,EIRR - Ririe Flood Channel Bridge,1894,695,43.66025,-111.74108,14.0585702598963,1889,,right
7,EIRR - Ririe Flood Channel Bridge,1894,695,43.66025,-111.74108,7.433428025075032,1892,1906,right
8,EIRR - Snake River Bridge,1890,539,42.54847,-113.76512,1.1168192737422928,1905,,left
8,EIRR - Snake River Bridge,1890,539,42.54847,-113.76512,6.75198889119996,1913,,left
8,EIRR - Snake River Bridge,1890,539,42.54847,-113.76512,10.618472142937804,1905,,left
8,EIRR - Snake River Bridge,1890,539,42.54847,-113.76512,19.07924840439387,1907,1981,left
8,EIRR - Snake River Bridge,1890,539,42.54847,-113.76512,18.503981797831052,1906,1916,left
8,EIRR - Snake River Bridge,1890,539,42.54847,-113.76512,2.667373355925345,1905,,right
8,EIRR - Snake River Bridge,1890,539,42.54847,-113.76512,11.707086528415877,1917,,right
8,EIRR - Snake River Bridge,1890,539,42.54847,-113.76512,8.950572109188057,1909,1912,right
8,EIRR - Snake River Bridge,1890,539,42.54847,-113.76512,12.161206257116289,1910,1911,right
9,Guffey Railroad Bridge,1897,370,43.2985,-116.53012,8.525682776485226,1916,,left
9,Guffey Railroad Bridge,1897,370,43.2985,-116.53012,1.4023016118916747,1897,1919,right
9,Guffey Railroad Bridge,1897,370,43.2985,-116.53012,12.124795474464598,1897,1923,right
9,Guffey Railroad Bridge,1897,370,43.2985,-116.53012,9.074568390386059,1899,,right
12,Hoback Bridge,,767,43.30148,-110.77669,2.247704681364576,1921,1943,left
12,Hoback Bridge,,767,43.30148,-110.77669,19.807812146675634,1896,,right
13,Hoback Junction Bridge,1950,769,43.32104,-110.73288,5.984958845604536,1921,1943,left
13,Hoback Junction Bridge,1950,769,43.32104,-110.73288,17.768171116956484,1896,,right
14,King Hill Bridge,1910,448,43.00126,-115.20912,9.058844714799646,1879,,left
14,King Hill Bridge,1910,448,43.00126,-115.20912,0.5221600865257915,1908,1992,left
15,Lyons Ferry Bridge,1927,54,46.58951,-118.2195,10.271915771509658,1882,1945,left
15,Lyons Ferry Bridge,1927,54,46.58951,-118.2195,10.271915771509658,1947,1963,left
15,Lyons Ferry Bridge,1927,54,46.58951,-118.2195,13.619956511511242,1905,1918,left
15,Lyons Ferry Bridge,1927,54,46.58951,-118.2195,9.933205555610161,1951,1960,right
15,Lyons Ferry Bridge,1927,54,46.58951,-118.2195,10.462929622039638,1883,,right
16,Murtaugh Bridge,1915,518,42.49944,-114.15306,12.681357799621264,1912,,left
16,Murtaugh Bridge,1915,518,42.49944,-114.15306,9.88701457755607,1908,1913,left
16,Murtaugh Bridge,1915,518,42.49944,-114.15306,10.87317894985425,1903,1944,left
16,Murtaugh Bridge,1915,518,42.49944,-114.15306,1.082262422156362,1905,,left
16,Murtaugh Bridge,1915,518,42.49944,-114.15306,17.745374864893595,1905,,right
16,Murtaugh Bridge,1915,518,42.49944,-114.15306,14.62482837573282,1904,1910,right
16,Murtaugh Bridge,1915,518,42.49944,-114.15306,12.597701062166122,1905,,right
16,Murtaugh Bridge,1915,518,42.49944,-114.15306,9.132598474288299,1909,1913,right
17,Nyssa Bridge,1900,317,43.87656,-116.9838,10.646073927532223,1884,,left
17,Nyssa Bridge,1900,317,43.87656,-116.9838,14.248852215897072,1893,1954,left
17,Nyssa Bridge,1900,317,43.87656,-116.9838,6.603961932334198,1867,1868,left
17,Nyssa Bridge,1900,317,43.87656,-116.9838,15.507537039189915,1910,,left
17,Nyssa Bridge,1900,317,43.87656,-116.9838,0.8893593176127216,1889,,left
17,Nyssa Bridge,1900,317,43.87656,-116.9838,19.92241630628649,1873,1898,left
17,Nyssa Bridge,1900,317,43.87656,-116.9838,16.639298472624258,1919,,right
17,Nyssa Bridge,1900,317,43.87656,-116.9838,10.716477499833205,1886,1887,right
17,Nyssa Bridge,1900,317,43.87656,-116.9838,10.716477499833205,1890,1895,right
17,Nyssa Bridge,1900,317,43.87656,-116.9838,10.716477499833205,1896,1914,right
17,Nyssa Bridge,1900,317,43.87656,-116.9838,10.716477499833205,1929,1932,right
17,Nyssa Bridge,1900,317,43.87656,-116.9838,5.299369248008612,1896,1908,right
17,Nyssa Bridge,1900,317,43.87656,-116.9838,13.253952551688286,1879,1944,right
17,Nyssa Bridge,1900,317,43.87656,-116.9838,16.719799656891876,1884,,right
18,Owsley Bridge,1921,472,42.76417,-114.89,5.356189931033804,1892,,left
18,Owsley Bridge,1921,472,42.76417,-114.89,18.653380761776464,1883,,left
18,Owsley Bridge,1921,472,42.76417,-114.89,11.182404019918351,1915,1965,left
18,Owsley Bridge,1921,472,42.76417,-114.89,18.300667972975617,1902,1911,right
18,Owsley Bridge,1921,472,42.76417,-114.89,12.397908348926478,1898,1910,right
18,Owsley Bridge,1921,472,42.76417,-114.89,19.22779579928689,1909,1913,right
19,Perrine Bridge,1976,499,42.60158,-114.45281,8.802994810128189,1914,1916,left
19,Perrine Bridge,1976,499,42.60158,-114.45281,9.039590495988131,1911,1916,left
19,Perrine Bridge,1976,499,42.60158,-114.45281,19.789598002920364,1912,,left
19,Perrine Bridge,1976,499,42.60158,-114.45281,19.58954292402824,1908,1913,left
19,Perrine Bridge,1976,499,42.60158,-114.45281,13.146371616519268,1905,,right
19,Perrine Bridge,1976,499,42.60158,-114.45281,10.400927304010082,1905,,right
19,Perrine Bridge,1976,499,42.60158,-114.45281,16.47973246860697,1907,1909,right
19,Perrine Bridge,1976,499,42.60158,-114.45281,18.86062909612511,1904,1910,right
19,Perrine Bridge,1976,499,42.60158,-114.45281,4.324532315144594,1904,,right
19,Perrine Bridge,1976,499,42.60158,-114.45281,14.691434331940812,1905,,right
20,Snake River Bridge,1907,635,43.19778,-112.37,6.489344843474031,1918,,left
20,Snake River Bridge,1907,635,43.19778,-112.37,5.28998492652093,1894,1905,left
20,Snake River Bridge,1907,635,43.19778,-112.37,11.045839085626092,1898,1905,left
20,Snake River Bridge,1907,635,43.19778,-112.37,2.183784544902147,1879,,right
20,Snake River Bridge,1907,635,43.19778,-112.37,19.049048131291045,1866,1959,right
20,Snake River Bridge,1907,635,43.19778,-112.37,10.653493803943158,1904,1908,right
20,Snake River Bridge,1907,635,43.19778,-112.37,19.258005412326984,1905,,right
21,Snake River Bridge,1899,124,46.4206,-117.03517,1.4238974053334301,1862,,left
21,Snake River Bridge,1899,124,46.4206,-117.03517,0.9088373231653981,1900,,left
21,Snake River Bridge,1899,124,46.4206,-117.03517,9.116423432923979,1884,,right
21,Snake River Bridge,1899,124,46.4206,-117.03517,9.116423432923979,1878,1884,right
21,Snake River Bridge,1899,124,46.4206,-117.03517,12.132919252798771,1906,1918,right
21,Snake River Bridge,1899,124,46.4206,-117.03517,12.544627705589216,1883,1931,right
22,Snake River Bridge,1910,772,43.37179,-110.73896,10.60309529832461,1921,1943,left
22,Snake River Bridge,1910,772,43.37179,-110.73896,18.037213042147403,1898,,left
22,Snake River Bridge,1910,772,43.37179,-110.73896,12.132706145547456,1896,,right
23,Taylor's Crossing Bridge,1870,662,43.49254,-112.04509,11.511341760310629,1901,1905,left
23,Taylor's Crossing Bridge,1870,662,43.49254,-112.04509,8.908209826700805,1903,1909,left
23,Taylor's Crossing Bridge,1870,662,43.49254,-112.04509,13.851162695499493,1893,,right
23,Taylor's Crossing Bridge,1870,662,43.49254,-112.04509,6.821275846613369,1898,1906,right
23,Taylor's Crossing Bridge,1870,662,43.49254,-112.04509,14.122826974758452,1896,1906,right
23,Taylor's Crossing Bridge,1870,662,43.49254,-112.04509,16.62590826996918,1893,1906,right
23,Taylor's Crossing Bridge,1870,662,43.49254,-112.04509,3.0096901241228275,1890,,right
23,Taylor's Crossing Bridge,1870,662,43.49254,-112.04509,9.783916734352562,1892,,right
23,Taylor's Crossing Bridge,1870,662,43.49254,-112.04509,6.89118031183239,1909,1909,right
23,Taylor's Crossing Bridge,1870,662,43.49254,-112.04509,13.234791815265776,1910,,right
24,Twin Falls-Jerome Bridge,1927,499,42.60074,-114.45407,8.886415111959597,1914,1916,left
24,Twin Falls-Jerome Bridge,1927,499,42.60074,-114.45407,9.156351948067961,1911,1916,left
24,Twin Falls-Jerome Bridge,1927,499,42.60074,-114.45407,19.895098059648284,1912,,left
24,Twin Falls-Jerome Bridge,1927,499,42.60074,-114.45407,19.678333060244565,1908,1913,left
24,Twin Falls-Jerome Bridge,1927,499,42.60074,-114.45407,13.022627177877858,1905,,right
24,Twin Falls-Jerome Bridge,1927,499,42.60074,-114.45407,10.406222633083205,1905,,right
24,Twin Falls-Jerome Bridge,1927,499,42.60074,-114.45407,16.36646078530421,1907,1909,right
24,Twin Falls-Jerome Bridge,1927,499,42.60074,-114.45407,18.84199890908376,1904,1910,right
24,Twin Falls-Jerome Bridge,1927,499,42.60074,-114.45407,4.2178378044485365,1904,,right
24,Twin Falls-Jerome Bridge,1927,499,42.60074,-114.45407,14.729589726041853,1905,,right
25,UP - American Falls Bridge,1927,595,42.77774,-112.87426,16.556750103156684,1913,1922,left
25,UP - American Falls Bridge,1927,595,42.77774,-112.87426,18.649316301146165,1907,,left
25,UP - American Falls Bridge,1927,595,42.77774,-112.87426,1.8585704093931281,1882,,right
25,UP - American Falls Bridge,1927,595,42.77774,-112.87426,5.9168825595933905,1902,1918,right
26,UP - Bridge Island Bridge No. 1,,318,43.86427,-116.99395,9.671941608215397,1884,,left
26,UP - Bridge Island Bridge No. 1,,318,43.86427,-116.99395,13.034132123780848,1893,1954,left
26,UP - Bridge Island Bridge No. 1,,318,43.86427,-116.99395,5.024440478490402,1867,1868,left
26,UP - Bridge Island Bridge No. 1,,318,43.86427,-116.99395,17.070858829016487,1910,,left
26,UP - Bridge Island Bridge No. 1,,318,43.86427,-116.99395,1.394744249770152,1889,,left
26,UP - Bridge Island Bridge No. 1,,318,43.86427,-116.99395,15.060297490057973,1919,,right
26,UP - Bridge Island Bridge No. 1,,318,43.86427,-116.99395,9.129437254314224,1886,1887,right
26,UP - Bridge Island Bridge No. 1,,318,43.86427,-116.99395,9.129437254314224,1890,1895,right
26,UP - Bridge Island Bridge No. 1,,318,43.86427,-116.99395,9.129437254314224,1896,1914,right
26,UP - Bridge Island Bridge No. 1,,318,43.86427,-116.99395,9.129437254314224,1929,1932,right
26,UP - Bridge Island Bridge No. 1,,318,43.86427,-116.99395,6.6955713995121044,1896,1908,right
26,UP - Bridge Island Bridge No. 1,,318,43.86427,-116.99395,14.691677711214979,1879,1944,right
26,UP - Bridge Island Bridge No. 1,,318,43.86427,-116.99395,18.169706879925254,1884,,right
27,UP - Bridge Island Bridge No. 2,,319,43.85161,-116.99577,8.491261874071933,1884,,left
27,UP - Bridge Island Bridge No. 2,,319,43.85161,-116.99577,11.69456722403221,1893,1954,left
27,UP - Bridge Island Bridge No. 2,,319,43.85161,-116.99577,3.7104591727157072,1867,1868,left
27,UP - Bridge Island Bridge No. 2,,319,43.85161,-116.99577,18.435820275826735,1910,,left
27,UP - Bridge Island Bridge No. 2,,319,43.85161,-116.99577,2.7975835601051844,1889,,left
27,UP - Bridge Island Bridge No. 2,,319,43.85161,-116.99577,13.730093288854585,1919,,right
27,UP - Bridge Island Bridge No. 2,,319,43.85161,-116.99577,7.8932310992720724,1886,1887,right
27,UP - Bridge Island Bridge No. 2,,319,43.85161,-116.99577,7.8932310992720724,1890,1895,right
27,UP - Bridge Island Bridge No. 2,,319,43.85161,-116.99577,7.8932310992720724,1896,1914,right
27,UP - Bridge Island Bridge No. 2,,319,43.85161,-116.99577,7.8932310992720724,1929,1932,right
27,UP - Bridge Island Bridge No. 2,,319,43.85161,-116.99577,8.107072700561577,1896,1908,right
27,UP - Bridge Island Bridge No. 2,,319,43.85161,-116.99577,16.102916019060306,1879,1944,right
27,UP - Bridge Island Bridge No. 2,,319,43.85161,-116.99577,19.580480191472493,1884,,right
28,UP - Idaho Falls Bridge,,662,43.49208,-112.0455,11.451548387047293,1901,1905,left
28,UP - Idaho Falls Bridge,,662,43.49208,-112.0455,8.956667026357753,1903,1909,left
28,UP - Idaho Falls Bridge,,662,43.49208,-112.0455,13.790703506888459,1893,,right
28,UP - Idaho Falls Bridge,,662,43.49208,-112.0455,6.83329709572051,1898,1906,right
28,UP - Idaho Falls Bridge,,662,43.49208,-112.0455,14.179127765344706,1896,1906,right
28,UP - Idaho Falls Bridge,,662,43.49208,-112.0455,16.681392432067984,1893,1906,right
28,UP - Idaho Falls Bridge,,662,43.49208,-112.0455,2.9710411972407353,1890,,right
28,UP - Idaho Falls Bridge,,662,43.49208,-112.0455,9.834063613813747,1892,,right
28,UP - Idaho Falls Bridge,,662,43.49208,-112.0455,6.939293113216269,1909,1909,right
28,UP - Idaho Falls Bridge,,662,43.49208,-112.0455,13.295463086256804,1910,,right
29,UP - Joso High Bridge,1914,54,46.59358,-118.22848,11.017739420767247,1882,1945,left
29,UP - Joso High Bridge,1914,54,46.59358,-118.22848,11.017739420767247,1947,1963,left
29,UP - Joso High Bridge,1914,54,46.59358,-118.22848,14.128569391835287,1905,1918,left
29,UP - Joso High Bridge,1914,54,46.59358,-118.22848,9.218685901252368,1951,1960,right
29,UP - Joso High Bridge,1914,54,46.59358,-118.22848,11.26377102890386,1883,,right
30,UP - Snake River Bridge,1961,57,46.56451,-118.18322,7.571333409455782,1882,1945,left
30,UP - Snake River Bridge,1961,57,46.56451,-118.18322,7.571333409455782,1947,1963,left
30,UP - Snake River Bridge,1961,57,46.56451,-118.18322,12.477103026435673,1905,1918,left
30,UP - Snake River Bridge,1961,57,46.56451,-118.18322,13.181440047737771,1951,1960,right
30,UP - Snake River Bridge,1961,57,46.56451,-118.18322,6.527813033156569,1883,,right
31,UP - Snake River Bridge,,277,44.36354,-117.22139,5.768726732719861,1913,1926,left
31,UP - Snake River Bridge,,277,44.36354,-117.22139,18.58273705517817,1911,1946,left
31,UP - Snake River Bridge,,277,44.36354,-117.22139,14.687213417567435,1913,1924,right
31,UP - Snake River Bridge,,277,44.36354,-117.22139,3.8467067606383436,1882,,right
31,UP - Snake River Bridge,,277,44.36354,-117.22139,10.03188190694683,1895,1901,right
31,UP - Snake River Bridge,,277,44.36354,-117.22139,8.602543885045492,1899,1964,right
32,UP - Snake River Bridge,,305,44.0426,-116.95601,4.999502816322097,1910,,left
32,UP - Snake River Bridge,,305,44.0426,-116.95601,18.648196346258004,1889,,left
32,UP - Snake River Bridge,,305,44.0426,-116.95601,4.333391330436171,1883,,left
32,UP - Snake River Bridge,,305,44.0426,-116.95601,1.4429817534458802,1873,1898,left
32,UP - Snake River Bridge,,305,44.0426,-116.95601,15.671488094070465,1893,1911,left
32,UP - Snake River Bridge,,305,44.0426,-116.95601,13.328414616872816,1896,1908,right
32,UP - Snake River Bridge,,305,44.0426,-116.95601,5.341834782683547,1879,1944,right
32,UP - Snake River Bridge,,305,44.0426,-116.95601,1.8644560787462074,1884,,right
32,UP - Snake River Bridge,,305,44.0426,-116.95601,9.777033759387503,1881,1881,right
33,UP - Snake River Bridge,,636,43.198,-112.36884,6.56433684914714,1918,,left
33,UP - Snake River Bridge,,636,43.198,-112.36884,5.384491077660903,1894,1905,left
33,UP - Snake River Bridge,,636,43.198,-112.36884,11.14245589548829,1898,1905,left
33,UP - Snake River Bridge,,636,43.198,-112.36884,2.106284557828419,1879,,right
33,UP - Snake River Bridge,,636,43.198,-112.36884,19.099935165660817,1866,1959,right
33,UP - Snake River Bridge,,636,43.198,-112.36884,10.560258669942984,1904,1908,right
33,UP - Snake River Bridge,,636,43.198,-112.36884,19.16910792783658,1905,,right
34,UP - Snake River Slough Bridge,,306,44.03717,-116.9579,4.654961812539245,1910,,left
34,UP - Snake River Slough Bridge,,306,44.03717,-116.9579,18.02910785115986,1889,,left
34,UP - Snake River Slough Bridge,,306,44.03717,-116.9579,4.94594819222004,1883,,left
34,UP - Snake River Slough Bridge,,306,44.03717,-116.9579,2.055276542416223,1873,1898,left
34,UP - Snake River Slough Bridge,,306,44.03717,-116.9579,16.258115970197412,1893,1911,left
34,UP - Snake River Slough Bridge,,306,44.03717,-116.9579,12.708881826028296,1896,1908,right
34,UP - Snake River Slough Bridge,,306,44.03717,-116.9579,4.720873875934163,1879,1944,right
34,UP - Snake River Slough Bridge,,306,44.03717,-116.9579,1.2448704956010084,1884,,right
34,UP - Snake River Slough Bridge,,306,44.03717,-116.9579,9.90980741414326,1881,1881,right
35,US 12 - Vaughn Hubbard Bridge (Eastbound),1986,3,46.21722,-119.02528,1.2887659482204243,1879,1885,left
35,US 12 - Vaughn Hubbard Bridge (Eastbound),1986,3,46.21722,-119.02528,1.2887659482204243,1907,1907,left
35,US 12 - Vaughn Hubbard Bridge (Eastbound),1986,3,46.21722,-119.02528,2.153457152014218,1908,,left
35,US 12 - Vaughn Hubbard Bridge (Eastbound),1986,3,46.21722,-119.02528,6.333542747841418,1885,,left
35,US 12 - Vaughn Hubbard Bridge (Eastbound),1986,3,46.21722,-119.02528,10.666439532367427,1905,1933,right
35,US 12 - Vaughn Hubbard Bridge (Eastbound),1986,3,46.21722,-119.02528,17.236880573479056,1906,1919,right
36,US 12 - Vaughn Hubbard Bridge (Westbound),1950,3,46.2175,-119.02472,1.341909868802368,1879,1885,left
36,US 12 - Vaughn Hubbard Bridge (Westbound),1950,3,46.2175,-119.02472,1.341909868802368,1907,1907,left
36,US 12 - Vaughn Hubbard Bridge (Westbound),1950,3,46.2175,-119.02472,2.163114328994223,1908,,left
36,US 12 - Vaughn Hubbard Bridge (Westbound),1950,3,46.2175,-119.02472,6.361238193798514,1885,,left
36,US 12 - Vaughn Hubbard Bridge (Westbound),1950,3,46.2175,-119.02472,10.665473342606353,1905,1933,right
36,US 12 - Vaughn Hubbard Bridge (Westbound),1950,3,46.2175,-119.02472,17.200612246610405,1906,1919,right
37,Veterans Memorial Bridge,1919,507,42.56667,-114.29889,18.42877813954676,1914,1916,left
37,Veterans Memorial Bridge,1919,507,42.56667,-114.29889,16.235885838270725,1911,1916,left
37,Veterans Memorial Bridge,1919,507,42.56667,-114.29889,8.399118610891604,1912,,left
37,Veterans Memorial Bridge,1919,507,42.56667,-114.29889,6.866356952645216,1908,1913,left
37,Veterans Memorial Bridge,1919,507,42.56667,-114.29889,13.88020849344493,1905,,left
37,Veterans Memorial Bridge,1919,507,42.56667,-114.29889,6.502997696992337,1905,,right
37,Veterans Memorial Bridge,1919,507,42.56667,-114.29889,11.92739858321796,1904,1910,right
37,Veterans Memorial Bridge,1919,507,42.56667,-114.29889,13.259367162139728,1904,,right
37,Veterans Memorial Bridge,1919,507,42.56667,-114.29889,3.987443879680779,1905,,right
38,Walter's Ferry Bridge,1921,365,43.34123,-116.60162,6.988012164485721,1916,,left
38,Walter's Ferry Bridge,1921,365,43.34123,-116.60162,12.80887037128674,1917,1934,right
38,Walter's Ferry Bridge,1921,365,43.34123,-116.60162,6.57122320196978,1897,1919,right
38,Walter's Ferry Bridge,1921,365,43.34123,-116.60162,4.704063406618459,1897,1923,right
38,Walter's Ferry Bridge,1921,365,43.34123,-116.60162,14.200626356391142,1899,,right
39,Control region with no bridge,,12,46.27480205707747,-118.83184553706491,17.504935163322273,1879,1885,left
39,Control region with no bridge,,12,46.27480205707747,-118.83184553706491,17.504935163322273,1907,1907,left
39,Control region with no bridge,,12,46.27480205707747,-118.83184553706491,16.313943260511557,1908,,left
39,Control region with no bridge,,12,46.27480205707747,-118.83184553706491,17.40895948670269,1910,1963,left
39,Control region with no bridge,,12,46.27480205707747,-118.83184553706491,17.223433371764745,1905,1933,right
39,Control region with no bridge,,12,46.27480205707747,-118.83184553706491,10.024665259946747,1906,1919,right
39,Control region with no bridge,,12,46.27480205707747,-118.83184553706491,16.92592025642956,1889,1964,right
40,Control region with no bridge,,18,46.33844164479704,-118.7451809999666,7.659483960399856,1910,1963,left
40,Control region with no bridge,,18,46.33844164479704,-118.7451809999666,17.59154818250411,1906,1919,right
40,Control region with no bridge,,18,46.33844164479704,-118.7451809999666,10.67542797242117,1889,1964,right
40,Control region with no bridge,,18,46.33844164479704,-118.7451809999666,14.715070951115448,1905,1912,right
40,Control region with no bridge,,18,46.33844164479704,-118.7451809999666,13.499267717539498,1902,1915,right
41,Control region with no bridge,,25,46.402561142987196,-118.65517537313845,2.362240660584645,1910,1963,left
41,Control region with no bridge,,25,46.402561142987196,-118.65517537313845,11.469421586082024,1889,1964,right
41,Control region with no bridge,,25,46.402561142987196,-118.65517537313845,9.294876405140924,1905,1912,right
41,Control region with no bridge,,25,46.402561142987196,-118.65517537313845,3.6073246463699875,1902,1915,right
42,Control region with no bridge,,31,46.485509487684006,-118.61032433183176,11.895150520800728,1910,1963,left
42,Control region with no bridge,,31,46.485509487684006,-118.61032433183176,18.061274331071683,1886,,left
42,Control region with no bridge,,31,46.485509487684006,-118.61032433183176,15.125354399364847,1905,1912,right
42,Control region with no bridge,,31,46.485509487684006,-118.61032433183176,6.353874357377967,1902,1915,right
43,Control region with no bridge,,37,46.55843894816276,-118.53666364718737,9.582117088774165,1886,,left
43,Control region with no bridge,,37,46.55843894816276,-118.53666364718737,16.032286045190745,1902,1915,right
43,Control region with no bridge,,37,46.55843894816276,-118.53666364718737,15.088859662722818,1951,1960,right
44,Control region with no bridge,,43,46.58611633878203,-118.41734753922842,12.476741961397869,1886,,left
44,Control region with no bridge,,43,46.58611633878203,-118.41734753922842,5.428122303369565,1951,1960,right
45,Control region with no bridge,,68,46.58730892469315,-117.9267141588313,12.358636395559097,1882,1945,left
45,Control region with no bridge,,68,46.58730892469315,-117.9267141588313,12.358636395559097,1947,1963,left
45,Control region with no bridge,,68,46.58730892469315,-117.9267141588313,10.876400892690608,1905,1918,left
45,Control region with no bridge,,68,46.58730892469315,-117.9267141588313,9.397287908381475,1877,1881,left
45,Control region with no bridge,,68,46.58730892469315,-117.9267141588313,9.397287908381475,1924,1945,left
45,Control region with no bridge,,68,46.58730892469315,-117.9267141588313,10.236937500555417,1893,1967,left
45,Control region with no bridge,,68,46.58730892469315,-117.9267141588313,17.289789662160487,1883,,right
45,Control region with no bridge,,68,46.58730892469315,-117.9267141588313,7.694442745382954,1887,1911,right
46,Control region with no bridge,,87,46.67656890225489,-117.60767703553874,17.133866258161323,1877,1881,left
46,Control region with no bridge,,87,46.67656890225489,-117.60767703553874,17.133866258161323,1924,1945,left
46,Control region with no bridge,,87,46.67656890225489,-117.60767703553874,6.984190456648578,1876,1937,left
46,Control region with no bridge,,87,46.67656890225489,-117.60767703553874,11.02004112102721,1878,1961,left
46,Control region with no bridge,,87,46.67656890225489,-117.60767703553874,18.099141198077017,1885,1967,left
46,Control region with no bridge,,87,46.67656890225489,-117.60767703553874,4.898506177406932,1889,1910,right
46,Control region with no bridge,,87,46.67656890225489,-117.60767703553874,10.117946545806399,1891,1913,right
47,Control region with no bridge,,93,46.67396350148653,-117.47937571060244,16.44562053648769,1876,1937,left
47,Control region with no bridge,,93,46.67396350148653,-117.47937571060244,3.323038144781445,1878,1961,left
47,Control region with no bridge,,93,46.67396350148653,-117.47937571060244,18.2945964768296,1913,1925,left
47,Control region with no bridge,,93,46.67396350148653,-117.47937571060244,8.744749022391101,1885,1967,left
47,Control region with no bridge,,93,46.67396350148653,-117.47937571060244,14.590892078616186,1889,1910,right
47,Control region with no bridge,,93,46.67396350148653,-117.47937571060244,12.20329384074275,1891,1913,right
48,Control region with no bridge,,100,46.62080394177652,-117.38190560340135,11.36139103449958,1878,1961,left
48,Control region with no bridge,,100,46.62080394177652,-117.38190560340135,8.749994466096373,1913,1925,left
48,Control region with no bridge,,100,46.62080394177652,-117.38190560340135,1.7673467289213356,1885,1967,left
48,Control region with no bridge,,100,46.62080394177652,-117.38190560340135,15.505774944179537,1891,1913,right
48,Control region with no bridge,,100,46.62080394177652,-117.38190560340135,14.813350113436387,1901,1911,right
49,Control region with no bridge,,106,46.562403574270554,-117.28550632804809,1.50601371287861,1913,1925,left
49,Control region with no bridge,,106,46.562403574270554,-117.28550632804809,10.975434095939967,1885,1967,left
49,Control region with no bridge,,106,46.562403574270554,-117.28550632804809,14.603328029991701,1874,1923,right
49,Control region with no bridge,,106,46.562403574270554,-117.28550632804809,9.8891415170186,1901,1911,right
49,Control region with no bridge,,106,46.562403574270554,-117.28550632804809,17.75934830108553,1883,1931,right
50,Control region with no bridge,,112,46.481876908906074,-117.23294931240356,11.313586759494953,1913,1925,left
50,Control region with no bridge,,112,46.481876908906074,-117.23294931240356,18.121384606320472,1862,,left
50,Control region with no bridge,,112,46.481876908906074,-117.23294931240356,16.217006883970523,1900,,left
50,Control region with no bridge,,112,46.481876908906074,-117.23294931240356,8.649966279365858,1874,1923,right
50,Control region with no bridge,,112,46.481876908906074,-117.23294931240356,9.64041491141153,1901,1911,right
50,Control region with no bridge,,112,46.481876908906074,-117.23294931240356,7.920799016719036,1883,1931,right
51,Control region with no bridge,,131,46.28842980091909,-116.99415292084849,15.952320196506268,1905,1916,left
51,Control region with no bridge,,131,46.28842980091909,-116.99415292084849,13.816763521395655,1879,1941,left
51,Control region with no bridge,,131,46.28842980091909,-116.99415292084849,14.397240423798173,1862,,left
51,Control region with no bridge,,131,46.28842980091909,-116.99415292084849,14.78528779707475,1900,,left
51,Control region with no bridge,,131,46.28842980091909,-116.99415292084849,17.202735191372987,1895,1896,right
51,Control region with no bridge,,131,46.28842980091909,-116.99415292084849,17.202735191372987,1898,1941,right
51,Control region with no bridge,,131,46.28842980091909,-116.99415292084849,19.250201986891057,1902,1912,right
51,Control region with no bridge,,131,46.28842980091909,-116.99415292084849,7.044099474655036,1884,,right
51,Control region with no bridge,,131,46.28842980091909,-116.99415292084849,7.044099474655036,1878,1884,right
51,Control region with no bridge,,131,46.28842980091909,-116.99415292084849,9.696305439309883,1906,1918,right
52,Control region with no bridge,,137,46.20307018810661,-116.95745391545212,6.030412939051893,1905,1916,left
52,Control region with no bridge,,137,46.20307018810661,-116.95745391545212,8.229581136750044,1879,1941,left
52,Control region with no bridge,,137,46.20307018810661,-116.95745391545212,17.91302644709912,1916,1919,left
52,Control region with no bridge,,137,46.20307018810661,-116.95745391545212,9.118625739564083,1895,1896,right
52,Control region with no bridge,,137,46.20307018810661,-116.95745391545212,9.118625739564083,1898,1941,right
52,Control region with no bridge,,137,46.20307018810661,-116.95745391545212,14.016950193113452,1912,1929,right
52,Control region with no bridge,,137,46.20307018810661,-116.95745391545212,14.016950193113452,1931,1934,right
52,Control region with no bridge,,137,46.20307018810661,-116.95745391545212,14.016950193113452,1935,1939,right
52,Control region with no bridge,,137,46.20307018810661,-116.95745391545212,10.245826384016029,1902,1912,right
52,Control region with no bridge,,137,46.20307018810661,-116.95745391545212,16.72808908690885,1884,,right
52,Control region with no bridge,,137,46.20307018810661,-116.95745391545212,16.72808908690885,1878,1884,right
52,Control region with no bridge,,137,46.20307018810661,-116.95745391545212,17.858864805120866,1906,1918,right
53,Control region with no bridge,,143,46.11396547743061,-116.95872113768073,4.7516480022678635,1905,1916,left
53,Control region with no bridge,,143,46.11396547743061,-116.95872113768073,13.80032610838094,1879,1941,left
53,Control region with no bridge,,143,46.11396547743061,-116.95872113768073,10.458580299053347,1916,1919,left
53,Control region with no bridge,,143,46.11396547743061,-116.95872113768073,5.577604808305818,1895,1896,right
53,Control region with no bridge,,143,46.11396547743061,-116.95872113768073,5.577604808305818,1898,1941,right
53,Control region with no bridge,,143,46.11396547743061,-116.95872113768073,4.299342645464518,1912,1929,right
53,Control region with no bridge,,143,46.11396547743061,-116.95872113768073,4.299342645464518,1931,1934,right
53,Control region with no bridge,,143,46.11396547743061,-116.95872113768073,4.299342645464518,1935,1939,right
53,Control region with no bridge,,143,46.11396547743061,-116.95872113768073,3.108472108945904,1902,1912,right
54,Control region with no bridge,,150,46.030550626955744,-116.93066786162709,13.541378797134774,1905,1916,left
54,Control region with no bridge,,150,46.030550626955744,-116.93066786162709,7.4309418620037535,1916,1919,left
54,Control region with no bridge,,150,46.030550626955744,-116.93066786162709,13.733228959684396,1895,1896,right
54,Control region with no bridge,,150,46.030550626955744,-116.93066786162709,13.733228959684396,1898,1941,right
54,Control region with no bridge,,150,46.030550626955744,-116.93066786162709,6.5256010526009,1912,1929,right
54,Control region with no bridge,,150,46.030550626955744,-116.93066786162709,6.5256010526009,1931,1934,right
54,Control region with no bridge,,150,46.030550626955744,-116.93066786162709,6.5256010526009,1935,1939,right
54,Control region with no bridge,,150,46.030550626955744,-116.93066786162709,10.856905944560799,1902,1912,right
55,Control region with no bridge,,156,45.94780906119974,-116.88156595179004,13.021521213453774,1916,1919,left
55,Control region with no bridge,,156,45.94780906119974,-116.88156595179004,16.39623136861568,1912,1929,right
55,Control region with no bridge,,156,45.94780906119974,-116.88156595179004,16.39623136861568,1931,1934,right
55,Control region with no bridge,,156,45.94780906119974,-116.88156595179004,16.39623136861568,1935,1939,right
56,Control region with no bridge,,162,45.87237297923571,-116.81513728379885,11.634785362902148,1903,1906,right
57,Control region with no bridge,,168,45.78953220151761,-116.77240757227246,4.446441439846739,1903,1906,right
58,Control region with no bridge,,175,45.717151695737975,-116.82127330233321,17.588790584036534,1885,,right
58,Control region with no bridge,,175,45.717151695737975,-116.82127330233321,5.653027117324273,1903,1906,right
59,Control region with no bridge,,181,45.62844338330459,-116.80089158306943,8.095050458947622,1885,,right
59,Control region with no bridge,,181,45.62844338330459,-116.80089158306943,15.599955072879961,1903,1906,right
60,Control region with no bridge,,187,45.539720790156515,-116.78050628761191,4.6615001957917945,1885,,right
61,Control region with no bridge,,193,45.45098411145836,-116.7601178099159,13.340336092666288,1885,,right
62,Control region with no bridge,,200,45.363707118351904,-116.73127456464292,16.791806224607495,1891,1936,right
63,Control region with no bridge,,206,45.275774059285915,-116.75457032313054,14.22613353091335,1890,1914,left
63,Control region with no bridge,,206,45.275774059285915,-116.75457032313054,8.395344434181958,1891,1936,right
64,Control region with no bridge,,212,45.18673761781772,-116.75718373062126,12.351631547842578,1897,1965,left
64,Control region with no bridge,,212,45.18673761781772,-116.75718373062126,8.445229670860503,1890,1914,left
64,Control region with no bridge,,212,45.18673761781772,-116.75718373062126,19.554098959471524,1900,1965,right
64,Control region with no bridge,,212,45.18673761781772,-116.75718373062126,8.836365504144975,1891,1936,right
65,Control region with no bridge,,218,45.10560214344895,-116.8116222457073,9.859459480017051,1897,1965,left
65,Control region with no bridge,,218,45.10560214344895,-116.8116222457073,14.439495415709237,1890,1914,left
65,Control region with no bridge,,218,45.10560214344895,-116.8116222457073,15.20928916431672,1899,1927,right
65,Control region with no bridge,,218,45.10560214344895,-116.8116222457073,9.602678776543144,1900,1965,right
65,Control region with no bridge,,218,45.10560214344895,-116.8116222457073,15.080903289909752,1965,,right
65,Control region with no bridge,,218,45.10560214344895,-116.8116222457073,14.737301084061176,1891,1936,right
66,Control region with no bridge,,225,45.01990714216598,-116.8375815007954,18.281372258389133,1907,1952,left
66,Control region with no bridge,,225,45.01990714216598,-116.8375815007954,13.830988618502278,1897,1965,left
66,Control region with no bridge,,225,45.01990714216598,-116.8375815007954,5.47818809894868,1899,1927,right
66,Control region with no bridge,,225,45.01990714216598,-116.8375815007954,1.1203257328156897,1900,1965,right
66,Control region with no bridge,,225,45.01990714216598,-116.8375815007954,5.3886499698968215,1965,,right
67,Control region with no bridge,,231,44.93061256591685,-116.85021291360502,8.47804057137728,1907,1952,left
67,Control region with no bridge,,231,44.93061256591685,-116.85021291360502,19.56281750192026,1900,1944,left
67,Control region with no bridge,,231,44.93061256591685,-116.85021291360502,4.706037396073866,1899,1927,right
67,Control region with no bridge,,231,44.93061256591685,-116.85021291360502,10.35204159875328,1900,1965,right
67,Control region with no bridge,,231,44.93061256591685,-116.85021291360502,5.020284871538184,1965,,right
67,Control region with no bridge,,231,44.93061256591685,-116.85021291360502,14.803983325622372,1910,1911,right
67,Control region with no bridge,,231,44.93061256591685,-116.85021291360502,14.803983325622372,1914,1943,right
68,Control region with no bridge,,237,44.84832260124555,-116.89630565907045,5.156482496015283,1907,1952,left
68,Control region with no bridge,,237,44.84832260124555,-116.89630565907045,10.317978039706182,1900,1944,left
68,Control region with no bridge,,237,44.84832260124555,-116.89630565907045,14.152639625213114,1899,1927,right
68,Control region with no bridge,,237,44.84832260124555,-116.89630565907045,19.824268132704006,1900,1965,right
68,Control region with no bridge,,237,44.84832260124555,-116.89630565907045,14.306550632089204,1965,,right
68,Control region with no bridge,,237,44.84832260124555,-116.89630565907045,5.072297004622155,1910,1911,right
68,Control region with no bridge,,237,44.84832260124555,-116.89630565907045,5.072297004622155,1914,1943,right
68,Control region with no bridge,,237,44.84832260124555,-116.89630565907045,15.016392584818437,1909,1957,right
69,Control region with no bridge,,243,44.775332543811736,-116.9696889287346,14.071898964463674,1907,1952,left
69,Control region with no bridge,,243,44.775332543811736,-116.9696889287346,7.255712957838391,1900,1944,left
69,Control region with no bridge,,243,44.775332543811736,-116.9696889287346,17.22067337255103,1897,1899,left
69,Control region with no bridge,,243,44.775332543811736,-116.9696889287346,18.518065842466324,1900,1904,right
69,Control region with no bridge,,243,44.775332543811736,-116.9696889287346,4.8995536108842135,1910,1911,right
69,Control region with no bridge,,243,44.775332543811736,-116.9696889287346,4.8995536108842135,1914,1943,right
69,Control region with no bridge,,243,44.775332543811736,-116.9696889287346,5.4279231429427375,1909,1957,right
70,Control region with no bridge,,250,44.717289988236885,-117.06139547778535,16.94333103227976,1884,1919,left
70,Control region with no bridge,,250,44.717289988236885,-117.06139547778535,14.830474271797163,1900,1944,left
70,Control region with no bridge,,250,44.717289988236885,-117.06139547778535,7.97336231338794,1897,1899,left
70,Control region with no bridge,,250,44.717289988236885,-117.06139547778535,19.250727051447555,1887,1911,right
70,Control region with no bridge,,250,44.717289988236885,-117.06139547778535,9.283590492922984,1900,1904,right
70,Control region with no bridge,,250,44.717289988236885,-117.06139547778535,14.51642984612061,1910,1911,right
70,Control region with no bridge,,250,44.717289988236885,-117.06139547778535,14.51642984612061,1914,1943,right
70,Control region with no bridge,,250,44.717289988236885,-117.06139547778535,4.629998538405515,1909,1957,right
71,Control region with no bridge,,256,44.63408772290941,-117.10937268344851,8.056255988539528,1884,1919,left
71,Control region with no bridge,,256,44.63408772290941,-117.10937268344851,12.895310136428076,1911,1946,left
71,Control region with no bridge,,256,44.63408772290941,-117.10937268344851,2.019489036131271,1897,1899,left
71,Control region with no bridge,,256,44.63408772290941,-117.10937268344851,9.618566762459137,1887,1911,right
71,Control region with no bridge,,256,44.63408772290941,-117.10937268344851,0.7103099352942572,1900,1904,right
71,Control region with no bridge,,256,44.63408772290941,-117.10937268344851,14.577956627943689,1909,1957,right
72,Control region with no bridge,,262,44.55090084231495,-117.15661498887174,15.99554195569224,1913,1926,left
72,Control region with no bridge,,262,44.55090084231495,-117.15661498887174,6.46380543626481,1884,1919,left
72,Control region with no bridge,,262,44.55090084231495,-117.15661498887174,2.9356140979391516,1911,1946,left
72,Control region with no bridge,,262,44.55090084231495,-117.15661498887174,11.98747950052519,1897,1899,left
72,Control region with no bridge,,262,44.55090084231495,-117.15661498887174,16.788440304089082,1913,1924,right
72,Control region with no bridge,,262,44.55090084231495,-117.15661498887174,18.552185764649398,1895,1901,right
72,Control region with no bridge,,262,44.55090084231495,-117.15661498887174,3.7925872459167502,1887,1911,right
72,Control region with no bridge,,262,44.55090084231495,-117.15661498887174,10.677614091640095,1900,1904,right
73,Control region with no bridge,,268,44.473964297614444,-117.22024363870696,6.508665040729488,1913,1926,left
73,Control region with no bridge,,268,44.473964297614444,-117.22024363870696,15.191270762429172,1884,1919,left
73,Control region with no bridge,,268,44.473964297614444,-117.22024363870696,6.99730992931061,1911,1946,left
73,Control region with no bridge,,268,44.473964297614444,-117.22024363870696,9.047150556722404,1913,1924,right
73,Control region with no bridge,,268,44.473964297614444,-117.22024363870696,14.109188328287804,1882,,right
73,Control region with no bridge,,268,44.473964297614444,-117.22024363870696,9.023087755957224,1895,1901,right
73,Control region with no bridge,,268,44.473964297614444,-117.22024363870696,10.413531823592766,1899,1964,right
73,Control region with no bridge,,268,44.473964297614444,-117.22024363870696,11.09299783167126,1887,1911,right
74,Control region with no bridge,,287,44.25328624813328,-117.09057139648928,12.086623311269609,1893,1911,left
74,Control region with no bridge,,287,44.25328624813328,-117.09057139648928,17.748557420718235,1882,,right
74,Control region with no bridge,,287,44.25328624813328,-117.09057139648928,19.391387874214427,1881,1881,right
75,Control region with no bridge,,293,44.19028243849126,-117.01838122066368,14.152388290265389,1883,,left
75,Control region with no bridge,,293,44.19028243849126,-117.01838122066368,16.091897035099635,1873,1898,left
75,Control region with no bridge,,293,44.19028243849126,-117.01838122066368,3.5815906764434033,1893,1911,left
75,Control region with no bridge,,293,44.19028243849126,-117.01838122066368,18.697478180261673,1884,,right
75,Control region with no bridge,,293,44.19028243849126,-117.01838122066368,12.910533551733614,1881,1881,right
76,Control region with no bridge,,325,43.75908367368216,-117.04776929449443,8.884756654898053,1884,,left
76,Control region with no bridge,,325,43.75908367368216,-117.04776929449443,6.996642837125315,1893,1954,left
76,Control region with no bridge,,325,43.75908367368216,-117.04776929449443,14.256611891987268,1916,,left
76,Control region with no bridge,,325,43.75908367368216,-117.04776929449443,14.256611891987268,1916,1916,left
76,Control region with no bridge,,325,43.75908367368216,-117.04776929449443,7.433152026413132,1867,1868,left
76,Control region with no bridge,,325,43.75908367368216,-117.04776929449443,13.729663456125023,1889,,left
76,Control region with no bridge,,325,43.75908367368216,-117.04776929449443,18.16460550726244,1900,,right
76,Control region with no bridge,,325,43.75908367368216,-117.04776929449443,2.8082328176324287,1919,,right
76,Control region with no bridge,,325,43.75908367368216,-117.04776929449443,4.013583780611952,1886,1887,right
76,Control region with no bridge,,325,43.75908367368216,-117.04776929449443,4.013583780611952,1890,1895,right
76,Control region with no bridge,,325,43.75908367368216,-117.04776929449443,4.013583780611952,1896,1914,right
76,Control region with no bridge,,325,43.75908367368216,-117.04776929449443,4.013583780611952,1929,1932,right
76,Control region with no bridge,,325,43.75908367368216,-117.04776929449443,18.995057323526808,1896,1908,right
77,Control region with no bridge,,331,43.67479696166043,-117.03188770214165,14.161820846118545,1884,,left
77,Control region with no bridge,,331,43.67479696166043,-117.03188770214165,9.976071011662528,1893,1954,left
77,Control region with no bridge,,331,43.67479696166043,-117.03188770214165,9.663464079796078,1916,,left
77,Control region with no bridge,,331,43.67479696166043,-117.03188770214165,9.663464079796078,1916,1916,left
77,Control region with no bridge,,331,43.67479696166043,-117.03188770214165,16.45489596231095,1867,1868,left
77,Control region with no bridge,,331,43.67479696166043,-117.03188770214165,17.35583385929672,1908,,left
77,Control region with no bridge,,331,43.67479696166043,-117.03188770214165,19.96302968119784,1914,1918,right
77,Control region with no bridge,,331,43.67479696166043,-117.03188770214165,10.125250496131315,1900,,right
77,Control region with no bridge,,331,43.67479696166043,-117.03188770214165,7.982925717478134,1919,,right
77,Control region with no bridge,,331,43.67479696166043,-117.03188770214165,13.444996734225713,1886,1887,right
77,Control region with no bridge,,331,43.67479696166043,-117.03188770214165,13.444996734225713,1890,1895,right
77,Control region with no bridge,,331,43.67479696166043,-117.03188770214165,13.444996734225713,1896,1914,right
77,Control region with no bridge,,331,43.67479696166043,-117.03188770214165,13.444996734225713,1929,1932,right
78,Control region with no bridge,,337,43.625360801471814,-116.93563149959797,12.391509740744546,1920,,left
78,Control region with no bridge,,337,43.625360801471814,-116.93563149959797,19.304587720647806,1879,1886,left
78,Control region with no bridge,,337,43.625360801471814,-116.93563149959797,17.72706404461928,1884,,left
78,Control region with no bridge,,337,43.625360801471814,-116.93563149959797,13.873526289058983,1893,1954,left
78,Control region with no bridge,,337,43.625360801471814,-116.93563149959797,5.989596404044793,1916,,left
78,Control region with no bridge,,337,43.625360801471814,-116.93563149959797,5.989596404044793,1916,1916,left
78,Control region with no bridge,,337,43.625360801471814,-116.93563149959797,10.874077357841543,1908,,left
78,Control region with no bridge,,337,43.625360801471814,-116.93563149959797,10.477330582614437,1914,1918,right
78,Control region with no bridge,,337,43.625360801471814,-116.93563149959797,0.8670252661391921,1900,,right
78,Control region with no bridge,,337,43.625360801471814,-116.93563149959797,13.259304152016256,1922,,right
78,Control region with no bridge,,337,43.625360801471814,-116.93563149959797,16.840878784031887,1919,,right
79,Control region with no bridge,,343,43.573495910890486,-116.83738671269423,5.964709082253182,1920,,left
79,Control region with no bridge,,343,43.573495910890486,-116.83738671269423,9.772197134748486,1879,1886,left
79,Control region with no bridge,,343,43.573495910890486,-116.83738671269423,12.90043173168139,1916,,left
79,Control region with no bridge,,343,43.573495910890486,-116.83738671269423,12.90043173168139,1916,1916,left
79,Control region with no bridge,,343,43.573495910890486,-116.83738671269423,10.971330005653586,1908,,left
79,Control region with no bridge,,343,43.573495910890486,-116.83738671269423,0.7675284530540475,1914,1918,right
79,Control region with no bridge,,343,43.573495910890486,-116.83738671269423,9.178442796896316,1900,,right
79,Control region with no bridge,,343,43.573495910890486,-116.83738671269423,3.670905304015125,1922,,right
79,Control region with no bridge,,343,43.573495910890486,-116.83738671269423,19.474715826524015,1917,1934,right
80,Control region with no bridge,,350,43.496566088944114,-116.78005130028453,12.593179223387374,1920,,left
80,Control region with no bridge,,350,43.496566088944114,-116.78005130028453,1.217423012732698,1879,1886,left
80,Control region with no bridge,,350,43.496566088944114,-116.78005130028453,19.583670949995103,1908,,left
80,Control region with no bridge,,350,43.496566088944114,-116.78005130028453,8.93190007680291,1914,1918,right
80,Control region with no bridge,,350,43.496566088944114,-116.78005130028453,18.26655262418777,1900,,right
80,Control region with no bridge,,350,43.496566088944114,-116.78005130028453,6.040184166268059,1922,,right
80,Control region with no bridge,,350,43.496566088944114,-116.78005130028453,9.787799006075982,1917,1934,right
80,Control region with no bridge,,350,43.496566088944114,-116.78005130028453,18.172673336749696,1897,1923,right
81,Control region with no bridge,,356,43.4241399749036,-116.71008982514627,9.750871863471742,1879,1886,left
81,Control region with no bridge,,356,43.4241399749036,-116.71008982514627,15.59476318355772,1916,,left
81,Control region with no bridge,,356,43.4241399749036,-116.71008982514627,18.71471026654724,1914,1918,right
81,Control region with no bridge,,356,43.4241399749036,-116.71008982514627,15.809537195265586,1922,,right
81,Control region with no bridge,,356,43.4241399749036,-116.71008982514627,0.4460986334780225,1917,1934,right
81,Control region with no bridge,,356,43.4241399749036,-116.71008982514627,19.268239671216215,1897,1919,right
81,Control region with no bridge,,356,43.4241399749036,-116.71008982514627,8.359894551321428,1897,1923,right
82,Control region with no bridge,,381,43.182183172209434,-116.36597179419968,19.439927365491133,1897,1919,right
82,Control region with no bridge,,381,43.182183172209434,-116.36597179419968,15.62279128457934,1899,,right
82,Control region with no bridge,,381,43.182183172209434,-116.36597179419968,11.057975214088009,1910,1914,right
83,Control region with no bridge,,387,43.116995515745735,-116.28293747951447,1.199210778129549,1910,1914,right
84,Control region with no bridge,,393,43.056363502397204,-116.19344514628631,10.986477791453382,1888,,right
84,Control region with no bridge,,393,43.056363502397204,-116.19344514628631,8.734846214059084,1910,1914,right
85,Control region with no bridge,,400,42.99768413289611,-116.10121858169819,1.0952930604846671,1888,,right
85,Control region with no bridge,,400,42.99768413289611,-116.10121858169819,18.654219491948673,1910,1914,right
86,Control region with no bridge,,406,42.95894481452705,-115.99160441838049,18.04445523511616,1899,,right
86,Control region with no bridge,,406,42.95894481452705,-115.99160441838049,18.04445523511616,1875,1899,right
86,Control region with no bridge,,406,42.95894481452705,-115.99160441838049,8.949947076424937,1888,,right
87,Control region with no bridge,,412,42.960001345565104,-115.86988501767696,10.606040072996482,1899,,right
87,Control region with no bridge,,412,42.960001345565104,-115.86988501767696,10.606040072996482,1875,1899,right
87,Control region with no bridge,,412,42.960001345565104,-115.86988501767696,18.471903282749466,1888,,right
88,Control region with no bridge,,418,42.94187740519735,-115.75941424361535,15.502157307626206,1913,1917,left
88,Control region with no bridge,,418,42.94187740519735,-115.75941424361535,7.468631634142168,1899,,right
88,Control region with no bridge,,418,42.94187740519735,-115.75941424361535,7.468631634142168,1875,1899,right
88,Control region with no bridge,,418,42.94187740519735,-115.75941424361535,16.33557205929545,1913,1915,right
89,Control region with no bridge,,425,42.94197720008903,-115.63819963350038,9.621288019073065,1913,1917,left
89,Control region with no bridge,,425,42.94197720008903,-115.63819963350038,14.000623322825868,1910,,left
89,Control region with no bridge,,425,42.94197720008903,-115.63819963350038,14.633583562332483,1899,,right
89,Control region with no bridge,,425,42.94197720008903,-115.63819963350038,14.633583562332483,1875,1899,right
89,Control region with no bridge,,425,42.94197720008903,-115.63819963350038,6.514601731475306,1913,1915,right
89,Control region with no bridge,,425,42.94197720008903,-115.63819963350038,14.476993067901585,1884,1910,right
90,Control region with no bridge,,431,42.933967775791466,-115.51603832490035,12.556770284362267,1913,1917,left
90,Control region with no bridge,,431,42.933967775791466,-115.51603832490035,17.655283928877044,1879,,left
90,Control region with no bridge,,431,42.933967775791466,-115.51603832490035,4.260104407476378,1910,,left
90,Control region with no bridge,,431,42.933967775791466,-115.51603832490035,3.4933829350113457,1913,1915,right
90,Control region with no bridge,,431,42.933967775791466,-115.51603832490035,4.5002176868177965,1884,1910,right
91,Control region with no bridge,,437,42.94395040421816,-115.39728103767024,19.28937367525067,1913,1917,left
91,Control region with no bridge,,437,42.94395040421816,-115.39728103767024,7.933472435205797,1879,,left
91,Control region with no bridge,,437,42.94395040421816,-115.39728103767024,5.6092485736629785,1910,,left
91,Control region with no bridge,,437,42.94395040421816,-115.39728103767024,17.072554347936272,1908,1992,left
91,Control region with no bridge,,437,42.94395040421816,-115.39728103767024,13.20590838643164,1913,1915,right
91,Control region with no bridge,,437,42.94395040421816,-115.39728103767024,5.464051699982432,1884,1910,right
92,Control region with no bridge,,456,42.90497463759524,-115.05960588230124,16.660470903718515,1892,,left
92,Control region with no bridge,,456,42.90497463759524,-115.05960588230124,9.282650262570625,1883,,left
92,Control region with no bridge,,456,42.90497463759524,-115.05960588230124,16.07157579551164,1908,1992,left
92,Control region with no bridge,,456,42.90497463759524,-115.05960588230124,18.612475848196127,1915,1965,left
93,Control region with no bridge,,462,42.83894333738155,-114.98878120730681,7.921810277490192,1892,,left
93,Control region with no bridge,,462,42.83894333738155,-114.98878120730681,10.245485987103706,1883,,left
93,Control region with no bridge,,462,42.83894333738155,-114.98878120730681,12.303869069757175,1915,1965,left
94,Control region with no bridge,,481,42.66889223520391,-114.73470909087426,4.487842829833384,1902,1911,right
94,Control region with no bridge,,481,42.66889223520391,-114.73470909087426,9.458933698318647,1898,1910,right
94,Control region with no bridge,,481,42.66889223520391,-114.73470909087426,7.989837460153301,1906,,right
94,Control region with no bridge,,481,42.66889223520391,-114.73470909087426,12.35359458249898,1909,1913,right
94,Control region with no bridge,,481,42.66889223520391,-114.73470909087426,15.065929892522307,1905,,right
94,Control region with no bridge,,481,42.66889223520391,-114.73470909087426,11.58072005303861,1907,1909,right
95,Control region with no bridge,,487,42.64787147160006,-114.61637033365666,13.040104803669621,1914,1916,left
95,Control region with no bridge,,487,42.64787147160006,-114.61637033365666,16.10866575196007,1911,1916,left
95,Control region with no bridge,,487,42.64787147160006,-114.61637033365666,11.566342877819814,1902,1911,right
95,Control region with no bridge,,487,42.64787147160006,-114.61637033365666,19.04953304949391,1898,1910,right
95,Control region with no bridge,,487,42.64787147160006,-114.61637033365666,12.88676656323771,1906,,right
95,Control region with no bridge,,487,42.64787147160006,-114.61637033365666,19.725775614405652,1909,1913,right
95,Control region with no bridge,,487,42.64787147160006,-114.61637033365666,8.627405606578513,1905,,right
95,Control region with no bridge,,487,42.64787147160006,-114.61637033365666,7.721681332964673,1907,1909,right
95,Control region with no bridge,,487,42.64787147160006,-114.61637033365666,15.811245444384877,1904,,right
96,Control region with no bridge,,525,42.526495520478434,-113.9834723429785,19.78354451825732,1908,1913,left
96,Control region with no bridge,,525,42.526495520478434,-113.9834723429785,3.338898154395969,1903,1944,left
96,Control region with no bridge,,525,42.526495520478434,-113.9834723429785,15.117563144547734,1905,,left
96,Control region with no bridge,,525,42.526495520478434,-113.9834723429785,18.316849887250445,1905,,left
96,Control region with no bridge,,525,42.526495520478434,-113.9834723429785,18.691971157929437,1913,,left
96,Control region with no bridge,,525,42.526495520478434,-113.9834723429785,18.930720789187806,1909,1913,right
96,Control region with no bridge,,525,42.526495520478434,-113.9834723429785,15.642271634202496,1905,,right
96,Control region with no bridge,,525,42.526495520478434,-113.9834723429785,9.101434550494186,1909,1912,right
97,Control region with no bridge,,543,42.556295090547025,-113.64030175406937,10.117114585086057,1905,,left
97,Control region with no bridge,,543,42.556295090547025,-113.64030175406937,13.023905410204886,1913,,left
97,Control region with no bridge,,543,42.556295090547025,-113.64030175406937,7.577195804246663,1905,,left
97,Control region with no bridge,,543,42.556295090547025,-113.64030175406937,12.858827802464024,1907,1981,left
97,Control region with no bridge,,543,42.556295090547025,-113.64030175406937,10.30150756152604,1906,1916,left
97,Control region with no bridge,,543,42.556295090547025,-113.64030175406937,12.685840617194383,1905,,right
97,Control region with no bridge,,543,42.556295090547025,-113.64030175406937,4.3291076610685675,1917,,right
97,Control region with no bridge,,543,42.556295090547025,-113.64030175406937,19.18237469254034,1909,1912,right
97,Control region with no bridge,,543,42.556295090547025,-113.64030175406937,12.57808059455816,1910,1911,right
98,Control region with no bridge,,550,42.62970952920968,-113.57059919766807,17.664024890445173,1905,,left
98,Control region with no bridge,,550,42.62970952920968,-113.57059919766807,17.558731764580006,1913,,left
98,Control region with no bridge,,550,42.62970952920968,-113.57059919766807,8.796129740174178,1905,,left
98,Control region with no bridge,,550,42.62970952920968,-113.57059919766807,4.750803737789597,1907,1981,left
98,Control region with no bridge,,550,42.62970952920968,-113.57059919766807,0.4525442039329342,1906,1916,left
98,Control region with no bridge,,550,42.62970952920968,-113.57059919766807,15.222265565034897,1883,1986,left
98,Control region with no bridge,,550,42.62970952920968,-113.57059919766807,13.203056567154828,1917,,right
99,Control region with no bridge,,556,42.664841326057,-113.46384743405955,18.159898941027805,1905,,left
99,Control region with no bridge,,556,42.664841326057,-113.46384743405955,10.87956219527504,1907,1981,left
99,Control region with no bridge,,556,42.664841326057,-113.46384743405955,9.373001846625515,1906,1916,left
99,Control region with no bridge,,556,42.664841326057,-113.46384743405955,10.08151638493285,1883,1986,left
100,Control region with no bridge,,562,42.651620794176004,-113.3461908974228,18.44232963640943,1906,1916,left
100,Control region with no bridge,,562,42.651620794176004,-113.3461908974228,16.32065928320587,1883,1986,left
100,Control region with no bridge,,562,42.651620794176004,-113.3461908974228,15.08242165424529,1892,1908,left
100,Control region with no bridge,,562,42.651620794176004,-113.3461908974228,10.833068352034596,1878,1879,right
101,Control region with no bridge,,568,42.61860255048919,-113.23517816425192,18.906172799544994,1913,1922,left
101,Control region with no bridge,,568,42.61860255048919,-113.23517816425192,11.537125438943162,1892,1908,left
101,Control region with no bridge,,568,42.61860255048919,-113.23517816425192,2.3777568222691876,1878,1879,right
102,Control region with no bridge,,575,42.625835164641956,-113.11614574182131,13.002002173649267,1913,1922,left
102,Control region with no bridge,,575,42.625835164641956,-113.11614574182131,11.32781564290416,1892,1908,left
102,Control region with no bridge,,575,42.625835164641956,-113.11614574182131,10.310139591057673,1878,1879,right
103,Control region with no bridge,,581,42.66351712308204,-113.0064669744308,9.764391960928325,1913,1922,left
103,Control region with no bridge,,581,42.66351712308204,-113.0064669744308,15.525596490234035,1892,1908,left
103,Control region with no bridge,,581,42.66351712308204,-113.0064669744308,18.382638664995746,1882,,right
103,Control region with no bridge,,581,42.66351712308204,-113.0064669744308,10.763330409796467,1902,1918,right
104,Control region with no bridge,,600,42.874391659663964,-112.78501293599032,8.853271954910138,1907,,left
104,Control region with no bridge,,600,42.874391659663964,-112.78501293599032,11.302460697496292,1882,,right
104,Control region with no bridge,,600,42.874391659663964,-112.78501293599032,18.856246035462387,1902,1918,right
105,Control region with no bridge,,606,42.93743872792367,-112.69897198600576,11.361751448214806,1907,,left
106,Control region with no bridge,,612,42.99790264697662,-112.60820076784574,19.64096379994924,1907,,left
106,Control region with no bridge,,612,42.99790264697662,-112.60820076784574,13.167564223036937,1909,,left
106,Control region with no bridge,,612,42.99790264697662,-112.60820076784574,14.350846243046643,1866,1959,right
107,Control region with no bridge,,618,43.065904097784085,-112.54209801093359,19.155253950762276,1918,,left
107,Control region with no bridge,,618,43.065904097784085,-112.54209801093359,7.248520818233356,1909,,left
107,Control region with no bridge,,618,43.065904097784085,-112.54209801093359,16.898123217030673,1894,1905,left
107,Control region with no bridge,,618,43.065904097784085,-112.54209801093359,13.287372570656833,1898,1905,left
107,Control region with no bridge,,618,43.065904097784085,-112.54209801093359,9.173334123821865,1866,1959,right
108,Control region with no bridge,,625,43.14023927634618,-112.48365796312841,9.724791086355133,1918,,left
108,Control region with no bridge,,625,43.14023927634618,-112.48365796312841,9.686383269626186,1909,,left
108,Control region with no bridge,,625,43.14023927634618,-112.48365796312841,7.3986306613586725,1894,1905,left
108,Control region with no bridge,,625,43.14023927634618,-112.48365796312841,5.002772487207474,1898,1905,left
108,Control region with no bridge,,625,43.14023927634618,-112.48365796312841,12.5465408283619,1879,,right
108,Control region with no bridge,,625,43.14023927634618,-112.48365796312841,12.409132475755333,1866,1959,right
109,Control region with no bridge,,643,43.30816629723037,-112.19711730586025,12.820826458853617,1901,1905,left
109,Control region with no bridge,,643,43.30816629723037,-112.19711730586025,17.70329708431554,1879,,right
109,Control region with no bridge,,643,43.30816629723037,-112.19711730586025,8.340848803423215,1904,1908,right
109,Control region with no bridge,,643,43.30816629723037,-112.19711730586025,2.7667280753483965,1888,,right
109,Control region with no bridge,,643,43.30816629723037,-112.19711730586025,1.1865967171692111,1905,,right
109,Control region with no bridge,,643,43.30816629723037,-112.19711730586025,9.21026540781752,1896,1905,right
109,Control region with no bridge,,643,43.30816629723037,-112.19711730586025,10.064916986588262,1893,,right
110,Control region with no bridge,,650,43.386634951807366,-112.13835553922033,3.3679644990842172,1901,1905,left
110,Control region with no bridge,,650,43.386634951807366,-112.13835553922033,18.216818777972307,1904,1908,right
110,Control region with no bridge,,650,43.386634951807366,-112.13835553922033,8.162041814249966,1888,,right
110,Control region with no bridge,,650,43.386634951807366,-112.13835553922033,9.720306454987723,1905,,right
110,Control region with no bridge,,650,43.386634951807366,-112.13835553922033,9.623141435432453,1896,1905,right
110,Control region with no bridge,,650,43.386634951807366,-112.13835553922033,1.3522058158322192,1893,,right
110,Control region with no bridge,,650,43.386634951807366,-112.13835553922033,16.642080069183717,1898,1906,right
110,Control region with no bridge,,650,43.386634951807366,-112.13835553922033,12.220633384015626,1890,,right
110,Control region with no bridge,,650,43.386634951807366,-112.13835553922033,19.83057973632758,1909,1909,right
111,Control region with no bridge,,668,43.63826939839728,-112.04514838816937,7.298999839666218,1903,1909,left
111,Control region with no bridge,,668,43.63826939839728,-112.04514838816937,6.954206568067463,1886,,left
111,Control region with no bridge,,668,43.63826939839728,-112.04514838816937,11.18822674886063,1910,,left
111,Control region with no bridge,,668,43.63826939839728,-112.04514838816937,18.453968927351795,1889,1905,left
111,Control region with no bridge,,668,43.63826939839728,-112.04514838816937,8.262286991922787,1892,1892,left
111,Control region with no bridge,,668,43.63826939839728,-112.04514838816937,19.733731236505978,1898,1906,right
111,Control region with no bridge,,668,43.63826939839728,-112.04514838816937,3.4994595586766972,1896,1906,right
111,Control region with no bridge,,668,43.63826939839728,-112.04514838816937,2.5783806517945274,1893,1906,right
111,Control region with no bridge,,668,43.63826939839728,-112.04514838816937,19.050570443256532,1890,,right
111,Control region with no bridge,,668,43.63826939839728,-112.04514838816937,15.351186757620399,1892,,right
111,Control region with no bridge,,668,43.63826939839728,-112.04514838816937,15.337071315808172,1909,1909,right
111,Control region with no bridge,,668,43.63826939839728,-112.04514838816937,8.031359426817401,1910,,right
111,Control region with no bridge,,668,43.63826939839728,-112.04514838816937,13.285350280745082,1896,1906,right
111,Control region with no bridge,,668,43.63826939839728,-112.04514838816937,16.490946357414355,1889,1906,right
111,Control region with no bridge,,668,43.63826939839728,-112.04514838816937,17.175822712505468,1901,1973,right
111,Control region with no bridge,,668,43.63826939839728,-112.04514838816937,10.164161569398606,1885,,right
111,Control region with no bridge,,668,43.63826939839728,-112.04514838816937,11.140756577204591,1889,,right
111,Control region with no bridge,,668,43.63826939839728,-112.04514838816937,17.173985487483847,1892,1906,right
112,Control region with no bridge,,675,43.719891523905154,-111.99224417439015,17.042406303411074,1903,1909,left
112,Control region with no bridge,,675,43.719891523905154,-111.99224417439015,3.0543339256761577,1886,,left
112,Control region with no bridge,,675,43.719891523905154,-111.99224417439015,10.784555275016574,1910,,left
112,Control region with no bridge,,675,43.719891523905154,-111.99224417439015,8.70494501883965,1889,1905,left
112,Control region with no bridge,,675,43.719891523905154,-111.99224417439015,12.558702665427468,1904,1965,left
112,Control region with no bridge,,675,43.719891523905154,-111.99224417439015,14.189998737843759,1887,1914,left
112,Control region with no bridge,,675,43.719891523905154,-111.99224417439015,1.7709761963181285,1892,1892,left
112,Control region with no bridge,,675,43.719891523905154,-111.99224417439015,16.86173233459425,1902,1920,left
112,Control region with no bridge,,675,43.719891523905154,-111.99224417439015,19.48732330854694,1900,1922,left
112,Control region with no bridge,,675,43.719891523905154,-111.99224417439015,11.443251262665072,1896,1906,right
112,Control region with no bridge,,675,43.719891523905154,-111.99224417439015,8.936474158932043,1893,1906,right
112,Control region with no bridge,,675,43.719891523905154,-111.99224417439015,13.890155257295982,1910,,right
112,Control region with no bridge,,675,43.719891523905154,-111.99224417439015,4.609881467025371,1896,1906,right
112,Control region with no bridge,,675,43.719891523905154,-111.99224417439015,10.730706448481223,1889,1906,right
112,Control region with no bridge,,675,43.719891523905154,-111.99224417439015,9.764077206766265,1901,1973,right
112,Control region with no bridge,,675,43.719891523905154,-111.99224417439015,0.2058251301547752,1885,,right
112,Control region with no bridge,,675,43.719891523905154,-111.99224417439015,8.145369138214392,1889,,right
112,Control region with no bridge,,675,43.719891523905154,-111.99224417439015,14.586758110038046,1892,1906,right
113,Control region with no bridge,,700,43.59571435918092,-111.59412935523625,8.889370549621042,1900,1944,left
113,Control region with no bridge,,700,43.59571435918092,-111.59412935523625,13.35566980794045,1906,1916,left
113,Control region with no bridge,,700,43.59571435918092,-111.59412935523625,16.25488947439998,1900,1922,left
113,Control region with no bridge,,700,43.59571435918092,-111.59412935523625,8.291269091162517,1914,1925,right
113,Control region with no bridge,,700,43.59571435918092,-111.59412935523625,7.866093537918399,1894,1910,right
113,Control region with no bridge,,700,43.59571435918092,-111.59412935523625,14.997574793086741,1916,,right
114,Control region with no bridge,,706,43.58040153528737,-111.48922059130163,17.13336727867808,1900,1944,left
114,Control region with no bridge,,706,43.58040153528737,-111.48922059130163,19.58884284260416,1906,1916,left
114,Control region with no bridge,,706,43.58040153528737,-111.48922059130163,18.214173125995888,1917,,left
114,Control region with no bridge,,706,43.58040153528737,-111.48922059130163,5.964208026436608,1914,1925,right
114,Control region with no bridge,,706,43.58040153528737,-111.48922059130163,16.438022252513193,1894,1910,right
115,Control region with no bridge,,712,43.50245100531025,-111.42867183655723,14.740327351951127,1897,,left
115,Control region with no bridge,,712,43.50245100531025,-111.42867183655723,8.708160555928858,1917,,left
115,Control region with no bridge,,712,43.50245100531025,-111.42867183655723,9.111805764801279,1914,1925,right
116,Control region with no bridge,,718,43.435393703580424,-111.35802343031698,5.593962980380459,1897,,left
116,Control region with no bridge,,718,43.435393703580424,-111.35802343031698,14.636212383779672,1952,1993,left
116,Control region with no bridge,,718,43.435393703580424,-111.35802343031698,2.6427778942958526,1917,,left
116,Control region with no bridge,,718,43.435393703580424,-111.35802343031698,17.925351397719627,1914,1925,right
117,Control region with no bridge,,725,43.377478054939985,-111.26488728895502,4.428659077555057,1897,,left
117,Control region with no bridge,,725,43.377478054939985,-111.26488728895502,4.75350155548352,1952,1993,left
117,Control region with no bridge,,725,43.377478054939985,-111.26488728895502,10.685802573175256,1917,,left
118,Control region with no bridge,,731,43.30488305892885,-111.1949411413674,17.138090706651635,1910,1956,left
118,Control region with no bridge,,731,43.30488305892885,-111.1949411413674,14.255334712060526,1897,,left
118,Control region with no bridge,,731,43.30488305892885,-111.1949411413674,5.521915347837656,1952,1993,left
119,Control region with no bridge,,737,43.237555080501224,-111.11504963361486,7.341805682359692,1910,1956,left
119,Control region with no bridge,,737,43.237555080501224,-111.11504963361486,11.361658211985837,1918,1934,left
119,Control region with no bridge,,737,43.237555080501224,-111.11504963361486,11.361658211985837,1918,1959,left
119,Control region with no bridge,,737,43.237555080501224,-111.11504963361486,11.361658211985837,1937,1942,left
119,Control region with no bridge,,737,43.237555080501224,-111.11504963361486,11.361658211985837,1956,1959,left
119,Control region with no bridge,,737,43.237555080501224,-111.11504963361486,15.147215608810585,1952,1993,left
120,Control region with no bridge,,743,43.168354938022155,-111.04223971288395,3.130235578541955,1910,1956,left
120,Control region with no bridge,,743,43.168354938022155,-111.04223971288395,2.035515327377256,1918,1934,left
120,Control region with no bridge,,743,43.168354938022155,-111.04223971288395,2.035515327377256,1918,1959,left
120,Control region with no bridge,,743,43.168354938022155,-111.04223971288395,2.035515327377256,1937,1942,left
120,Control region with no bridge,,743,43.168354938022155,-111.04223971288395,2.035515327377256,1956,1959,left
121,Control region with no bridge,,750,43.18996740162536,-110.93926688062292,8.506232910955852,1910,1956,left
121,Control region with no bridge,,750,43.18996740162536,-110.93926688062292,7.024098988349765,1918,1934,left
121,Control region with no bridge,,750,43.18996740162536,-110.93926688062292,7.024098988349765,1918,1959,left
121,Control region with no bridge,,750,43.18996740162536,-110.93926688062292,7.024098988349765,1937,1942,left
121,Control region with no bridge,,750,43.18996740162536,-110.93926688062292,7.024098988349765,1956,1959,left
121,Control region with no bridge,,750,43.18996740162536,-110.93926688062292,16.193322308847687,1921,1943,left
122,Control region with no bridge,,756,43.20957102873435,-110.8198543855786,18.207460734271724,1910,1956,left
122,Control region with no bridge,,756,43.20957102873435,-110.8198543855786,16.853461192204666,1918,1934,left
122,Control region with no bridge,,756,43.20957102873435,-110.8198543855786,16.853461192204666,1918,1959,left
122,Control region with no bridge,,756,43.20957102873435,-110.8198543855786,16.853461192204666,1937,1942,left
122,Control region with no bridge,,756,43.20957102873435,-110.8198543855786,16.853461192204666,1956,1959,left
122,Control region with no bridge,,756,43.20957102873435,-110.8198543855786,8.525283112090058,1921,1943,left
123,Control region with no bridge,,775,43.45937952788243,-110.79196127108077,19.680421343808035,1921,1943,left
123,Control region with no bridge,,775,43.45937952788243,-110.79196127108077,8.1345160727884,1898,,left
123,Control region with no bridge,,775,43.45937952788243,-110.79196127108077,3.2968169775422775,1896,,right
124,Control region with no bridge,,781,43.54340740182976,-110.80516127348709,7.366216290581351,1898,,left
124,Control region with no bridge,,781,43.54340740182976,-110.80516127348709,15.993994552540258,1899,1950,right
124,Control region with no bridge,,781,43.54340740182976,-110.80516127348709,14.287086986374375,1923,,right
124,Control region with no bridge,,781,43.54340740182976,-110.80516127348709,7.834518249445745,1896,,right
124,Control region with no bridge,,781,43.54340740182976,-110.80516127348709,17.08772261235928,1897,,right
125,Control region with no bridge,,787,43.6250956799594,-110.75592264487429,14.583252580536264,1926,1962,left
125,Control region with no bridge,,787,43.6250956799594,-110.75592264487429,16.80407546087593,1898,,left
125,Control region with no bridge,,787,43.6250956799594,-110.75592264487429,7.713481559453743,1899,1950,right
125,Control region with no bridge,,787,43.6250956799594,-110.75592264487429,4.555321778555806,1923,,right
125,Control region with no bridge,,787,43.6250956799594,-110.75592264487429,16.09874642966805,1896,,right
125,Control region with no bridge,,787,43.6250956799594,-110.75592264487429,10.663141736173863,1897,,right
126,Control region with no bridge,,793,43.69843566938029,-110.68519520215183,6.792729477680682,1926,1962,left
126,Control region with no bridge,,793,43.69843566938029,-110.68519520215183,14.77158218531177,1897,1968,right
126,Control region with no bridge,,793,43.69843566938029,-110.68519520215183,6.169480939154971,1899,1950,right
126,Control region with no bridge,,793,43.69843566938029,-110.68519520215183,5.42747109553589,1923,,right
126,Control region with no bridge,,793,43.69843566938029,-110.68519520215183,9.7251088076891,1897,,right
127,Control region with no bridge,,800,43.767164319542104,-110.60721097177976,9.217677072446746,1926,1962,left
127,Control region with no bridge,,800,43.767164319542104,-110.60721097177976,5.264521764341729,1897,1968,right
127,Control region with no bridge,,800,43.767164319542104,-110.60721097177976,14.302781465025753,1899,1950,right
127,Control region with no bridge,,800,43.767164319542104,-110.60721097177976,15.241340425472709,1923,,right
127,Control region with no bridge,,800,43.767164319542104,-110.60721097177976,16.037717379613003,1897,,right
127,Control region with no bridge,,800,43.767164319542104,-110.60721097177976,11.489001059174157,1902,,right
128,Control region with no bridge,,806,43.84361095189938,-110.55173302993992,16.799084750637927,1926,1962,left
128,Control region with no bridge,,806,43.84361095189938,-110.55173302993992,6.330513939639733,1897,1968,right
128,Control region with no bridge,,806,43.84361095189938,-110.55173302993992,3.5406301311949857,1902,,right
